{
	"info": {
		"_postman_id": "df5303f8-4c17-48ab-a954-a7da97196fc0",
		"name": "dds-backend",
		"schema": "https://schema.getpostman.com/json/collection/v2.1.0/collection.json",
		"_exporter_id": "10363707",
		"_collection_link": "https://nautica-dgr.postman.co/workspace/Prueba1~cc6150d5-dc60-490e-8536-6644267319d6/collection/10363707-df5303f8-4c17-48ab-a954-a7da97196fc0?action=share&source=collection_link&creator=10363707"
	},
	"item": [
		{
			"name": "Articulosfamilias - busca todos los registros",
			"request": {
				"method": "GET",
				"header": [],
				"url": {
					"raw": "http://localhost:3000/api/articulosfamilias",
					"protocol": "http",
					"host": [
						"localhost"
					],
					"port": "3000",
					"path": [
						"api",
						"articulosfamilias"
					]
				}
			},
			"response": []
		},
		{
			"name": "Articulosfamilias - buscar un registro segun id (clave primaria)",
			"request": {
				"method": "GET",
				"header": [],
				"url": {
					"raw": "http://localhost:3000/api/articulosfamilias/1",
					"protocol": "http",
					"host": [
						"localhost"
					],
					"port": "3000",
					"path": [
						"api",
						"articulosfamilias",
						"1"
					]
				}
			},
			"response": []
		},
		{
			"name": "Articulosfamilias - agregar un registro",
			"request": {
				"method": "POST",
				"header": [],
				"body": {
					"mode": "raw",
					"raw": "{\r\n    \"Nombre\": \"Accesorioss\"\r\n }",
					"options": {
						"raw": {
							"language": "json"
						}
					}
				},
				"url": {
					"raw": "http://localhost:3000/api/articulosfamilias",
					"protocol": "http",
					"host": [
						"localhost"
					],
					"port": "3000",
					"path": [
						"api",
						"articulosfamilias"
					]
				}
			},
			"response": []
		},
		{
			"name": "Articulosfamilias - agrega un registro con error en largo del Nombre",
			"request": {
				"method": "POST",
				"header": [],
				"body": {
					"mode": "raw",
					"raw": "{\r\n    \"Nombre\": \"Ac\"\r\n }",
					"options": {
						"raw": {
							"language": "json"
						}
					}
				},
				"url": {
					"raw": "http://localhost:3000/api/articulosfamilias",
					"protocol": "http",
					"host": [
						"localhost"
					],
					"port": "3000",
					"path": [
						"api",
						"articulosfamilias"
					]
				}
			},
			"response": []
		},
		{
			"name": "Articulosfamilias - modifica un registro segun id (clave primaria)",
			"request": {
				"method": "PUT",
				"header": [],
				"body": {
					"mode": "raw",
					"raw": "    {\r\n        \"IdArticuloFamilia\": 1,\r\n        \"Nombre\": \"Audio\"\r\n    }",
					"options": {
						"raw": {
							"language": "json"
						}
					}
				},
				"url": {
					"raw": "http://localhost:3000/api/articulosfamilias/1",
					"protocol": "http",
					"host": [
						"localhost"
					],
					"port": "3000",
					"path": [
						"api",
						"articulosfamilias",
						"1"
					]
				}
			},
			"response": []
		},
		{
			"name": "Articulosfamilias - elimina un registro segun id (clave primaria)",
			"request": {
				"method": "DELETE",
				"header": [],
				"body": {
					"mode": "raw",
					"raw": "{\r\n    \"Nombre\": \"Accesorios\"\r\n }",
					"options": {
						"raw": {
							"language": "json"
						}
					}
				},
				"url": {
					"raw": "http://localhost:3000/api/articulosfamilias/13",
					"protocol": "http",
					"host": [
						"localhost"
					],
					"port": "3000",
					"path": [
						"api",
						"articulosfamilias",
						"13"
					]
				}
			},
			"response": []
		},
		{
			"name": "Articulosfamilias - test error asincrono",
			"request": {
				"method": "GET",
				"header": [],
				"url": {
					"raw": "http://localhost:3000/api/articulosfamilias/testerrorasync",
					"protocol": "http",
					"host": [
						"localhost"
					],
					"port": "3000",
					"path": [
						"api",
						"articulosfamilias",
						"testerrorasync"
					]
				}
			},
			"response": []
		},
		{
			"name": "Articulosfamiliasmock - busca todos los registros",
			"request": {
				"method": "GET",
				"header": [],
				"url": {
					"raw": "http://localhost:3000/api/articulosfamiliasmock",
					"protocol": "http",
					"host": [
						"localhost"
					],
					"port": "3000",
					"path": [
						"api",
						"articulosfamiliasmock"
					]
				}
			},
			"response": []
		},
		{
			"name": "Articulosfamiliasmock - buscar un registro segun id (clave primaria)",
			"request": {
				"method": "GET",
				"header": [],
				"url": {
					"raw": "http://localhost:3000/api/articulosfamiliasmock/1",
					"protocol": "http",
					"host": [
						"localhost"
					],
					"port": "3000",
					"path": [
						"api",
						"articulosfamiliasmock",
						"1"
					]
				}
			},
			"response": []
		},
		{
			"name": "Articulosfamiliasmock - agregar un registro",
			"request": {
				"method": "POST",
				"header": [],
				"body": {
					"mode": "raw",
					"raw": "{\r\n    \"Nombre\": \"Accesorioss\"\r\n }",
					"options": {
						"raw": {
							"language": "json"
						}
					}
				},
				"url": {
					"raw": "http://localhost:3000/api/articulosfamiliasmock",
					"protocol": "http",
					"host": [
						"localhost"
					],
					"port": "3000",
					"path": [
						"api",
						"articulosfamiliasmock"
					]
				}
			},
			"response": []
		},
		{
			"name": "Articulosfamiliasmock - modifica un registro segun id (clave primaria)",
			"request": {
				"method": "PUT",
				"header": [],
				"body": {
					"mode": "raw",
					"raw": "    {\r\n        \"IdArticuloFamilia\": 1,\r\n        \"Nombre\": \"Audio\"\r\n    }",
					"options": {
						"raw": {
							"language": "json"
						}
					}
				},
				"url": {
					"raw": "http://localhost:3000/api/articulosfamiliasmock/1",
					"protocol": "http",
					"host": [
						"localhost"
					],
					"port": "3000",
					"path": [
						"api",
						"articulosfamiliasmock",
						"1"
					]
				}
			},
			"response": []
		},
		{
			"name": "Articulosfamiliasmock - elimina un registro segun id (clave primaria)",
			"request": {
				"method": "DELETE",
				"header": [],
				"url": {
					"raw": "http://localhost:3000/api/articulosfamilias/13",
					"protocol": "http",
					"host": [
						"localhost"
					],
					"port": "3000",
					"path": [
						"api",
						"articulosfamilias",
						"13"
					]
				}
			},
			"response": []
		},
		{
			"name": "Articulos - busca todos los registros",
			"request": {
				"method": "GET",
				"header": [],
				"url": {
					"raw": "http://localhost:3000/api/articulos",
					"protocol": "http",
					"host": [
						"localhost"
					],
					"port": "3000",
					"path": [
						"api",
						"articulos"
					]
				}
			},
			"response": []
		},
		{
			"name": "Articulos - busca segun filtro y paginado",
			"request": {
				"method": "GET",
				"header": [],
				"url": {
					"raw": "http://localhost:3000/api/articulos?Pagin=1&Nombre=AIRE",
					"protocol": "http",
					"host": [
						"localhost"
					],
					"port": "3000",
					"path": [
						"api",
						"articulos"
					],
					"query": [
						{
							"key": "Pagin",
							"value": "1"
						},
						{
							"key": "Nombre",
							"value": "AIRE"
						}
					]
				}
			},
			"response": []
		},
		{
			"name": "Articulos - buscar un registro segun id (clave primaria)",
			"request": {
				"method": "GET",
				"header": [],
				"url": {
					"raw": "http://localhost:3000/api/articulos/144",
					"protocol": "http",
					"host": [
						"localhost"
					],
					"port": "3000",
					"path": [
						"api",
						"articulos",
						"144"
					]
				}
			},
			"response": []
		},
		{
			"name": "Articulos - agregar un registro",
			"request": {
				"method": "POST",
				"header": [],
				"body": {
					"mode": "raw",
					"raw": " {\r\n        \"Nombre\": \"Articulo nuevo 1\",\r\n        \"Precio\": 10399,\r\n        \"CodigoDeBarra\": \"0779808338859\",\r\n        \"IdArticuloFamilia\": 7,\r\n        \"Stock\": 971,\r\n        \"FechaAlta\": \"2016-12-23T00:00:00\",\r\n        \"Activo\": 1\r\n    }",
					"options": {
						"raw": {
							"language": "json"
						}
					}
				},
				"url": {
					"raw": "http://localhost:3000/api/articulos",
					"protocol": "http",
					"host": [
						"localhost"
					],
					"port": "3000",
					"path": [
						"api",
						"articulos"
					]
				}
			},
			"response": []
		},
		{
			"name": "Articulos - modifica un registro segun id (clave primaria)",
			"request": {
				"method": "PUT",
				"header": [],
				"body": {
					"mode": "raw",
					"raw": "    {\r\n        \"IdArticuloFamilia\": 1,\r\n        \"Nombre\": \"Audio\"\r\n    }",
					"options": {
						"raw": {
							"language": "json"
						}
					}
				},
				"url": {
					"raw": "http://localhost:3000/api/articulos/143",
					"protocol": "http",
					"host": [
						"localhost"
					],
					"port": "3000",
					"path": [
						"api",
						"articulos",
						"143"
					]
				}
			},
			"response": []
		},
		{
			"name": "Articulos - elimina un registro segun id (clave primaria)",
			"request": {
				"method": "DELETE",
				"header": [],
				"body": {
					"mode": "raw",
					"raw": "{\r\n    \"Nombre\": \"Accesorios\"\r\n }",
					"options": {
						"raw": {
							"language": "json"
						}
					}
				},
				"url": {
					"raw": "http://localhost:3000/api/articulosfamilias/13",
					"protocol": "http",
					"host": [
						"localhost"
					],
					"port": "3000",
					"path": [
						"api",
						"articulosfamilias",
						"13"
					]
				}
			},
			"response": []
		},
		{
			"name": "Seguridad login - login de usuario",
			"request": {
				"method": "POST",
				"header": [],
				"body": {
					"mode": "raw",
					"raw": "{\r\n    \"usuario\": \"admin\",\r\n    \"clave\": \"123\"\r\n }",
					"options": {
						"raw": {
							"language": "json"
						}
					}
				},
				"url": {
					"raw": "http://localhost:3000/api/login",
					"protocol": "http",
					"host": [
						"localhost"
					],
					"port": "3000",
					"path": [
						"api",
						"login"
					]
				}
			},
			"response": []
		},
		{
			"name": "Seguridad logout",
			"request": {
				"method": "POST",
				"header": [],
				"body": {
					"mode": "raw",
					"raw": "{\r\n\"token\": \"eyJhbGciOiJIUzI1NiIsInR5cCI6IkpXVCJ9.eyJ1c3VhcmlvIjoiYWRtaW4iLCJyb2xlIjoiYWRtaW4iLCJpYXQiOjE2NjMxODAwNjJ9.LaBrdaa1XGGnyjleqQ81t2__cvMYA8wHFY0OG48oXxY\"\r\n}",
					"options": {
						"raw": {
							"language": "json"
						}
					}
				},
				"url": {
					"raw": "http://localhost:3000/api/logout",
					"protocol": "http",
					"host": [
						"localhost"
					],
					"port": "3000",
					"path": [
						"api",
						"logout"
					]
				}
			},
			"response": []
		},
		{
			"name": "Seguridad buscar articulos  (autorizado usuario admin:123)",
			"protocolProfileBehavior": {
				"disableBodyPruning": true
			},
			"request": {
				"method": "GET",
				"header": [
					{
						"key": "Authorization",
						"value": "Bearer eyJhbGciOiJIUzI1NiIsInR5cCI6IkpXVCJ9.eyJ1c3VhcmlvIjoiYWRtaW4iLCJyb2xlIjoiYWRtaW4iLCJpYXQiOjE2NjMxODAyMzIsImV4cCI6MTY2MzE4MTQzMn0.1Fbep2gPiTrmLmEhNmk4FCo-EICnDHOcoLdyamY2ra0"
					}
				],
				"body": {
					"mode": "raw",
					"raw": "",
					"options": {
						"raw": {
							"language": "json"
						}
					}
				},
				"url": {
					"raw": "http://localhost:3000/api/jwt/articulos",
					"protocol": "http",
					"host": [
						"localhost"
					],
					"port": "3000",
					"path": [
						"api",
						"jwt",
						"articulos"
					]
				}
			},
			"response": []
		},
		{
			"name": "Error -  sincrono",
			"request": {
				"method": "GET",
				"header": [],
				"url": {
					"raw": "http://localhost:3000/testerror",
					"protocol": "http",
					"host": [
						"localhost"
					],
					"port": "3000",
					"path": [
						"testerror"
					]
				}
			},
			"response": []
		},
		{
			"name": "Error -  asincrono no controlado",
			"request": {
				"method": "GET",
				"header": [],
				"url": {
					"raw": "http://localhost:3000/testerror",
					"protocol": "http",
					"host": [
						"localhost"
					],
					"port": "3000",
					"path": [
						"testerror"
					]
				}
			},
			"response": []
		}
	]
}